Wed Aug 13 15:19:32 UTC 2025
Thu Aug 14 07:37:25 UTC 2025
Fri Aug 15 07:32:31 UTC 2025
Sat Aug 16 07:29:55 UTC 2025
Sun Aug 17 07:30:28 UTC 2025
Mon Aug 18 07:39:40 UTC 2025
Tue Aug 19 07:31:18 UTC 2025
Wed Aug 20 07:32:14 UTC 2025
Thu Aug 21 07:34:46 UTC 2025
Fri Aug 22 07:30:07 UTC 2025
Sat Aug 23 07:27:40 UTC 2025
Sun Aug 24 07:30:42 UTC 2025
Mon Aug 25 07:32:15 UTC 2025
Tue Aug 26 07:32:12 UTC 2025
Wed Aug 27 07:28:54 UTC 2025
Thu Aug 28 07:30:34 UTC 2025
Fri Aug 29 07:30:26 UTC 2025
Sat Aug 30 07:25:31 UTC 2025
Sun Aug 31 07:26:20 UTC 2025
Mon Sep  1 07:32:09 UTC 2025
Tue Sep  2 07:31:15 UTC 2025
Wed Sep  3 07:28:13 UTC 2025
Thu Sep  4 07:27:33 UTC 2025
Fri Sep  5 07:28:00 UTC 2025
Sat Sep  6 07:24:04 UTC 2025
Sun Sep  7 07:25:24 UTC 2025
Mon Sep  8 07:29:57 UTC 2025
Tue Sep  9 07:29:50 UTC 2025
Wed Sep 10 07:28:30 UTC 2025
Thu Sep 11 07:28:25 UTC 2025
Fri Sep 12 07:27:20 UTC 2025
Sat Sep 13 07:23:37 UTC 2025
Sun Sep 14 07:10:58 UTC 2025
Mon Sep 15 07:13:32 UTC 2025
Tue Sep 16 07:13:26 UTC 2025
Wed Sep 17 07:12:02 UTC 2025
Thu Sep 18 07:12:43 UTC 2025
Fri Sep 19 07:12:17 UTC 2025
Sat Sep 20 07:11:03 UTC 2025
Sun Sep 21 07:10:32 UTC 2025
Mon Sep 22 07:13:27 UTC 2025
Tue Sep 23 07:13:26 UTC 2025
Wed Sep 24 07:13:10 UTC 2025
Thu Sep 25 07:13:27 UTC 2025
Fri Sep 26 07:12:52 UTC 2025
Sat Sep 27 07:10:28 UTC 2025
Sun Sep 28 07:10:51 UTC 2025
Mon Sep 29 07:13:37 UTC 2025
Tue Sep 30 07:13:42 UTC 2025
Wed Oct  1 07:13:06 UTC 2025
Thu Oct  2 07:12:21 UTC 2025
Fri Oct  3 07:12:21 UTC 2025
Sat Oct  4 07:10:24 UTC 2025
Sun Oct  5 07:10:31 UTC 2025
Mon Oct  6 07:13:14 UTC 2025
Tue Oct  7 07:13:04 UTC 2025
Wed Oct  8 07:12:25 UTC 2025
Thu Oct  9 07:12:41 UTC 2025
Fri Oct 10 07:12:42 UTC 2025
Sat Oct 11 07:10:38 UTC 2025
Sun Oct 12 07:10:49 UTC 2025
Mon Oct 13 07:13:40 UTC 2025
Tue Oct 14 07:13:35 UTC 2025
Wed Oct 15 07:13:26 UTC 2025
Thu Oct 16 07:13:21 UTC 2025
Fri Oct 17 07:12:53 UTC 2025
Sat Oct 18 07:11:00 UTC 2025
Sun Oct 19 07:10:49 UTC 2025
Mon Oct 20 07:13:44 UTC 2025
Tue Oct 21 07:13:45 UTC 2025
Wed Oct 22 07:13:21 UTC 2025
Thu Oct 23 07:13:27 UTC 2025
Fri Oct 24 07:12:49 UTC 2025
Sat Oct 25 07:11:31 UTC 2025
Sun Oct 26 07:11:04 UTC 2025
Mon Oct 27 07:14:00 UTC 2025
Tue Oct 28 07:13:18 UTC 2025
Wed Oct 29 07:13:37 UTC 2025
Thu Oct 30 07:12:44 UTC 2025
Fri Oct 31 07:12:48 UTC 2025
Sat Nov  1 07:11:41 UTC 2025
Sun Nov  2 07:11:53 UTC 2025
Mon Nov  3 07:13:48 UTC 2025
Tue Nov  4 07:13:16 UTC 2025
Wed Nov  5 07:13:20 UTC 2025
Thu Nov  6 07:13:07 UTC 2025
Fri Nov  7 07:13:06 UTC 2025
Sat Nov  8 07:11:29 UTC 2025
Sun Nov  9 07:12:01 UTC 2025
Mon Nov 10 07:13:44 UTC 2025
